ID,Key,Buff,Prefab,Type,FullPrefab
2000,item_hamburger,,Hamburger,Item,Item/Hamburger
2001,item_candy,,Candy,Item,Item/Candy
2002,item_star,,Star,Item,Item/Star
2003,item_weaponBuff,,ItemWeaponBuff,Item,Item/ItemWeaponBuff
2004,item_healShield,,HealShieldItem,Item,Item/HealShieldItem
2005,item_addBuffCount,,AddBuffCountItem,Item,Item/AddBuffCountItem
2100,item_hpUp,BuffHpUp(2),ItemHPUp,Item,Item/ItemHPUp
2101,item_energyUp,BuffEnergyUp(1),ItemEnergyUp,Item,Item/ItemEnergyUp
2102,item_energyBoost,BuffEnergyBoost(2),ItemEnergyBoost,Item,Item/ItemEnergyBoost
2103,item_speedUp,BuffSpeedUp(1.5),ItemSpeedUp,Item,Item/ItemSpeedUp
2104,item_lootMoreMoney,BuffLootMoreMoney(),ItemLootMoreMoney,Item,Item/ItemLootMoreMoney
2105,item_immunePoison,BuffImmunePoison(),ItemImmunePoison,Item,Item/ItemImmunePoison
2106,item_immuneAOE,BuffImmuneAOE(),ItemImmuneAOE,Item,Item/ItemImmuneAOE
2107,item_immuneSlow,BuffImmuneSlow(),ItemImmuneSlow,Item,Item/ItemImmuneSlow
2108,item_magnetMoney,BuffMagnetMoney(),ItemMagnetMoney,Item,Item/ItemMagnetMoney
2109,item_hurtStunEnemy,BuffHurtStunEnemy(),ItemHurtStunEnemy,Item,Item/ItemHurtStunEnemy
2110,item_hurtClearBullet,BuffHurtClearBullet(),ItemHurtClearBullet,Item,Item/ItemHurtClearBullet
2111,item_addWeaponStarRate,BuffAddWeaponStarRate(1),ItemAddWeaponStarRate,Item,Item/ItemAddWeaponStarRate
2112,item_addItemCount,BuffAddItemCount(1),ItemAddItemCount,Item,Item/ItemAddItemCount
1,weapon_revolver,,Revolver,Weapon,Weapon/Revolver
2,weapon_fireworks,,Fireworks,Weapon,Weapon/Fireworks
3,weapon_megatron,,Megatron,Weapon,Weapon/Megatron
4,weapon_gg,,GG,Weapon,Weapon/GG
6,weapon_snipeGun,,SnipeGun,Weapon,Weapon/SnipeGun
7,weapon_UTS86,,UTS86,Weapon,Weapon/UTS86
10,weapon_uzi,,Uzi,Weapon,Weapon/Uzi
11,weapon_mp3,,MP3,Weapon,Weapon/MP3
12,weapon_akb47,,AKB47,Weapon,Weapon/AKB47
13,weapon_steam,WeaponBuffDropCoinWhenKill(),Steam,Weapon,Weapon/Steam
5,weapon_yellowSubmarine,,YellowSubmarine,Weapon,Weapon/YellowSubmarine
14,weapon_yogoda,,Yogoda,Weapon,Weapon/Yogoda
15,weapon_gatlin,,Gatlin,Weapon,Weapon/Gatlin
16,weapon_tartoo,,Tartoo,Weapon,Weapon/Tartoo
20,weapon_candleGun,WeaponBuffDOTBurn(2),CandleGun,Weapon,Weapon/CandleGun
21,weapon_shotgun,,Shotgun,Weapon,Weapon/Shotgun
22,weapon_crossBlue,,CrossBlue,Weapon,Weapon/CrossBlue
23,weapon_tutuPro,,TutuPro,Weapon,Weapon/TutuPro
24,weapon_cuphand,,Cuphand,Weapon,Weapon/Cuphand
25,weapon_sawGun,,SawGun,Weapon,Weapon/SawGun
26,weapon_rotateEmitGun,,RotateEmitGun,Weapon,Weapon/RotateEmitGun
27,weapon_catStaff,,CatStaff,Weapon,Weapon/CatStaff
28,weapon_catStaffBlack,,CatStaffBlack,Weapon,Weapon/CatStaffBlack
29,weapon_catStaffWhite,,CatStaffWhite,Weapon,Weapon/CatStaffWhite
40,weapon_laserGun,,LaserGun,Weapon,Weapon/LaserGun
41,weapon_laserCanNoFieldn,,LaserCanNoFieldn,Weapon,Weapon/LaserCanNoFieldn
42,weapon_laserReflection,,LaserReflection,Weapon,Weapon/LaserReflection
43,weapon_blowtorch,WeaponBuffDOTBurn(2),Blowtorch,Weapon,Weapon/Blowtorch
44,weapon_firekit,WeaponBuffDOTBurn(2),FireKit,Weapon,Weapon/FireKit
45,weapon_lightningChainGun,,LightningChainGun,Weapon,Weapon/LightningChainGun
46,weapon_lightningGun,,LightningGun,Weapon,Weapon/LightningGun
50,weapon_handGrenade,,HandGrenade,Weapon,Weapon/HandGrenade
51,weapon_bomberChick,,BomberChick,Weapon,Weapon/BomberChick
52,weapon_grenadeLauncher,,GrenadeLauncher,Weapon,Weapon/GrenadeLauncher
53,weapon_rockstar,,Rockstar,Weapon,Weapon/Rockstar
54,weapon_trRPG,WeaponBuffAutoTrack(),TR-RPG,Weapon,Weapon/TR-RPG
60,weapon_megaman,,MegaMan,Weapon,Weapon/MegaMan
61,weapon_airCanNoFieldn,,AirCanNoFieldn,Weapon,Weapon/AirCanNoFieldn
70,weapon_jellyfish,"WeaponBuffSlowDown(5,3)",Jellyfish,Weapon,Weapon/Jellyfish
71,weapon_frostbolt,"WeaponBuffSlowDown(5,3)",Frostbolt,Weapon,Weapon/Frostbolt
72,weapon_sNoFieldwman,"WeaponBuffFreeze(-30,3)",SNoFieldwMan,Weapon,Weapon/SNoFieldwMan
73,weapon_lovePiece,"WeaponBuffEnchantWhenHit(10,5,3)",LovePiece,Weapon,Weapon/LovePiece
74,weapon_zergFang,"WeaponBuffDOTPoison(false,3)",ZergFang,Weapon,Weapon/ZergFang
75,weapon_toxinKit,"WeaponBuffDOTPoison(false,3)",ToxinKit,Weapon,Weapon/ToxinKit
76,weapon_pyroblast,WeaponBuffDOTBurn(2),Pyroblast,Weapon,Weapon/Pyroblast
77,weapon_nsDogHead,,NSDogHead,Weapon,Weapon/NSDogHead
78,weapon_magnetGun,,MagnetGun,Weapon,Weapon/MagnetGun
79,weapon_hairdryer,,Hairdryer,Weapon,Weapon/Hairdryer
80,weapon_cleaner,,CleanerV8,Weapon,Weapon/CleanerV8
81,weapon_portableDrill,,PortableDrill,Weapon,Weapon/PortableDrill
100,weapon_angryCatusGun,,AngryCatusGun,Weapon,Weapon/AngryCatusGun
101,weapon_peargodHeadline,,PeargodHeadline,Weapon,Weapon/PeargodHeadline
102,weapon_treemomEye,,TreemomEye,Weapon,Weapon/TreemomEye
103,weapon_grapeRobe,,GrapeRobe,Weapon,Weapon/GrapeRobe
104,weapon_plateCake,,PlateCake,Weapon,Weapon/PlateCake
105,weapon_durianDane,,DurianDane,Weapon,Weapon/DurianDane
106,weapon_blueberryCrown,,BlueberryCrown,Weapon,Weapon/BlueberryCrown
107,weapon_bananaSkin,,BananaSkin,Weapon,Weapon/BananaSkin
700,weapon_bookMagic,,BookMagic,Weapon,Weapon/BookMagic
701,weapon_bookMath,,BookMath,Weapon,Weapon/BookMath
702,weapon_bowling,,Bowling,Weapon,Weapon/Bowling
703,weapon_bubbleGun,,BubbleGun,Weapon,Weapon/BubbleGun
704,weapon_bubbleShield,,BubbleShield,Weapon,Weapon/BubbleShield
705,weapon_powerChicken,,PowerChicken,Weapon,Weapon/PowerChicken
706,weapon_fastShotGun,,FastShotgun,Weapon,Weapon/FastShotgun
707,weapon_firecrackers,,Firecrackers,Weapon,Weapon/Firecrackers
708,weapon_grenadeDice,,GrenadeDice,Weapon,Weapon/GrenadeDice
709,weapon_grenadeLaser,,GrenadeLaser,Weapon,Weapon/GrenadeLaser
710,weapon_grenadeTelecontrol,,GrenadeTelecontrol,Weapon,Weapon/GrenadeTelecontrol
711,weapon_creditCard,,CreditCard,Weapon,Weapon/CreditCard
712,weapon_creditCardGold,,CreditCardGold,Weapon,Weapon/CreditCardGold
713,weapon_oneShotBee,,OneShotBee,Weapon,Weapon/OneShotBee
714,weapon_oneShotGun,,OneShotGun,Weapon,Weapon/OneShotGun
715,weapon_pineappleGrenade,,PineappleGrenade,Weapon,Weapon/PineappleGrenade
716,weapon_throwHammer,,ThrowHammer,Weapon,Weapon/ThrowHammer
717,weapon_twinGun,,TwinGun,Weapon,Weapon/TwinGun
718,weapon_wallet,,Wallet,Weapon,Weapon/Wallet
1000,weapon_bazooka,,Bazooka,Weapon,Weapon/Bazooka
1001,weapon_sig229,,SIG229,Weapon,Weapon/SIG229
1002,weapon_bbgun,,BBGun,Weapon,Weapon/BBGun
1003,weapon_bambooStaff,WeaponBuffAutoTrack(),BambooStaff,Weapon,Weapon/BambooStaff
1004,weapon_cupidCrossbow,"WeaponBuffEnchantWhenHit(10,5,3)",CupidCrossbow,Weapon,Weapon/CupidCrossbow
1005,weapon_flintlockPistol,,FlintlockPistol,Weapon,Weapon/FlintlockPistol
1006,weapon_positronGun,,PositronGun,Weapon,Weapon/PositronGun
1007,weapon_laserSidearm,,LaserSidearm,Weapon,Weapon/LaserSidearm
1008,weapon_littleLantern,,LittleLantern,Weapon,Weapon/LittleLantern
1100,weapon_enemyPistol,,EnemyPistol,Weapon,Weapon/EnemyPistol
1101,weapon_enemySidearm,,EnemySidearm,Weapon,Weapon/EnemySidearm
1102,weapon_enemyAKB47,,EnemyAKB47,Weapon,Weapon/EnemyAKB47
1103,weapon_enemyShotgun,,EnemyShotgun,Weapon,Weapon/EnemyShotgun
1104,weapon_enemySidearmPro,,EnemySidearmPro,Weapon,Weapon/EnemySidearmPro
500,weapon_baguette,,Baguette,Weapon,Weapon/Baguette
501,weapon_newbie,,Newbie,Weapon,Weapon/Newbie
520,weapon_oscars,WeaponBuffDropCoinWhenHit(),Oscars,Weapon,Weapon/Oscars
502,weapon_wrench,"WeaponBuffStunWhenHit(2,2,2)",Wrench,Weapon,Weapon/Wrench
510,weapon_candiedHaw,,CandiedHaw,Weapon,Weapon/CandiedHaw
511,weapon_ppBat,,PPBat,Weapon,Weapon/PPBat
512,weapon_baseballBat,WeaponBuffEmitWhenHit(),BaseballBat,Weapon,Weapon/BaseballBat
521,weapon_stopSign,,StopSign,Weapon,Weapon/StopSign
530,weapon_playerUnkNoFieldwsPan,,PlayerUnkNoFieldwsPan,Weapon,Weapon/PlayerUnkNoFieldwsPan
546,weapon_kanata,,Kanata,Weapon,Weapon/Kanata
545,weapon_masterSword,,CycloneSword,Weapon,Weapon/CycloneSword
542,weapon_throwingAxe,,ThrowingAxe,Weapon,Weapon/ThrowingAxe
541,weapon_boomerangBlade,,BoomerangBlade,Weapon,Weapon/BoomerangBlade
522,weapon_airHammer,,AirHammer,Weapon,Weapon/AirHammer
531,weapon_darthSaber,,DarthSaber,Weapon,Weapon/DarthSaber
532,weapon_deathScythe,,DeathScythe,Weapon,Weapon/DeathScythe
544,weapon_blackholeSword,,BlackHoleSword,Weapon,Weapon/BlackHoleSword
540,weapon_boomerang,,Boomerang,Weapon,Weapon/Boomerang
543,weapon_blackhole,,BlackHole,Weapon,Weapon/BlackHole
550,weapon_guagua,,Guagua,Weapon,Weapon/Guagua
551,weapon_bomberMan,,BomberMan,Weapon,Weapon/BomberMan
552,weapon_lightningMan,,LightningMan,Weapon,Weapon/LightningMan
600,weapon_melonKiller,,MelonKiller,Weapon,Weapon/MelonKiller
1500,weapon_blinkStrike,,BlinkStrike,Weapon,Weapon/BlinkStrike
1501,weapon_redSpear,,RedSpear,Weapon,Weapon/RedSpear
3000,pet_baseballer,NoField,PetBaseballer,Pet,Pet/PetBaseballer
3001,pet_cleaner,NoField,PetCleaner,Pet,Pet/PetCleaner
3002,pet_crayfish,NoField,PetCrayfish,Pet,Pet/PetCrayfish
3003,pet_goldfish,NoField,PetGoldfish,Pet,Pet/PetGoldfish
3004,pet_hedgehog,NoField,PetHedgehog,Pet,Pet/PetHedgehog
3005,pet_lizard,NoField,PetLizard,Pet,Pet/PetLizard
3006,pet_meatball,NoField,PetMeatball,Pet,Pet/PetMeatball
3007,pet_monkey,NoField,PetMonkey,Pet,Pet/PetMonkey
3008,pet_seagull,NoField,PetSeagull,Pet,Pet/PetSeagull
3009,pet_UFOGoose,NoField,PetUFOGoose,Pet,Pet/PetUFOGoose
3010,pet_hound,NoField,PetHound,Pet,Pet/PetHound
5000,weaponBuff_addDamage,NoField,ItemWeaponBuff,WeaponBuffs,Item/ItemWeaponBuff
5001,weaponBuff_addAttackFrequency,NoField,ItemWeaponBuff,WeaponBuffs,Item/ItemWeaponBuff
5002,weaponBuff_addCritDamage,NoField,ItemWeaponBuff,WeaponBuffs,Item/ItemWeaponBuff
5003,weaponBuff_addCritRate,NoField,ItemWeaponBuff,WeaponBuffs,Item/ItemWeaponBuff
5004,weaponBuff_aoeAfterCrit,NoField,ItemWeaponBuff,WeaponBuffs,Item/ItemWeaponBuff
5005,weaponBuff_increaseAccuracy,NoField,ItemWeaponBuff,WeaponBuffs,Item/ItemWeaponBuff
5006,weaponBuff_addForce,NoField,ItemWeaponBuff,WeaponBuffs,Item/ItemWeaponBuff
5007,weaponBuff_addRange,NoField,ItemWeaponBuff,WeaponBuffs,Item/ItemWeaponBuff
5008,weaponBuff_bulletPenetration,NoField,ItemWeaponBuff,WeaponBuffs,Item/ItemWeaponBuff
5009,weaponBuff_bulletRefraction,NoField,ItemWeaponBuff,WeaponBuffs,Item/ItemWeaponBuff
5010,weaponBuff_reboundBullet,NoField,ItemWeaponBuff,WeaponBuffs,Item/ItemWeaponBuff
5011,weaponBuff_cooldownSkillWhenHit,NoField,ItemWeaponBuff,WeaponBuffs,Item/ItemWeaponBuff
5012,weaponBuff_slowDown,NoField,ItemWeaponBuff,WeaponBuffs,Item/ItemWeaponBuff
5013,weaponBuff_dotPoison,NoField,ItemWeaponBuff,WeaponBuffs,Item/ItemWeaponBuff
5014,weaponBuff_enchantWhenHit,NoField,ItemWeaponBuff,WeaponBuffs,Item/ItemWeaponBuff
5015,weaponBuff_stunWhenHit,NoField,ItemWeaponBuff,WeaponBuffs,Item/ItemWeaponBuff
5016,weaponBuff_healHpWhenKill,NoField,ItemWeaponBuff,WeaponBuffs,Item/ItemWeaponBuff
5017,weaponBuff_getShieldWhenKill,NoField,ItemWeaponBuff,WeaponBuffs,Item/ItemWeaponBuff
5018,weaponBuff_addReloadRate,NoField,ItemWeaponBuff,WeaponBuffs,Item/ItemWeaponBuff
5019,weaponBuff_addMagazineCapacity,NoField,ItemWeaponBuff,WeaponBuffs,Item/ItemWeaponBuff
10000,monster_pearYellow,,Pear_Yellow,Enemy,Enemy/Pear_Yellow
10001,monster_ahpple,,Ahpple,Enemy,Enemy/Ahpple
10002,monster_grapeDog,,GrapeDog,Enemy,Enemy/GrapeDog
10003,monster_whatmelonMelee,,Whatmelon_Melee,Enemy,Enemy/Whatmelon_Melee
10004,monster_cherryTomato,,CherryTomato,Enemy,Enemy/CherryTomato
10005,monster_blueberry,,BlueBerry,Enemy,Enemy/BlueBerry
10006,monster_grapeDogLeader,,GrapeDogLeader,Enemy,Enemy/GrapeDogLeader
10007,monster_ahppleLeader,,AhppleLeader,Enemy,Enemy/AhppleLeader
10008,monster_cherryTomatoLeader,,CherryTomatoLeader,Enemy,Enemy/CherryTomatoLeader
10009,monster_melonMinion,,MelonMinion,Enemy,Enemy/MelonMinion
10100,monster_melonTowser,,Towser,Enemy,Enemy/Towser
10101,monster_pearGod,,PearGod,Enemy,Enemy/PearGod
10102,monster_treeMom,,TreeMom,Enemy,Enemy/TreeMom
10011,monster_pearGreen,,Pear_Green,Enemy,Enemy/Pear_Green
10012,monster_cantaloupe,,Cantaloupe,Enemy,Enemy/Cantaloupe
10013,monster_papaya,,Papaya,Enemy,Enemy/Papaya
10014,monster_avocado,,Avocado,Enemy,Enemy/Avocado
10015,monster_dragonfruit,,DragonFruit,Enemy,Enemy/DragonFruit
10016,monster_litchi,,Litchi,Enemy,Enemy/Litchi
10017,monster_mangoShark,,MangoShark,Enemy,Enemy/MangoShark
10018,monster_pineapple,,Pineapple,Enemy,Enemy/Pineapple
10019,monster_littleCactus,,LittleCactus,Enemy,Enemy/LittleCactus
10020,monster_dragonfruitKid,,DragonFruitKid,Enemy,Enemy/DragonFruitKid
10021,monster_litchiLeader,,LitchiLeader,Enemy,Enemy/LitchiLeader
10022,monster_dragonfruitLeader,,DragonFruitLeader,Enemy,Enemy/DragonFruitLeader
10200,monster_angryCactus,,AngryCactus,Enemy,Enemy/AngryCactus
10201,monster_mrGrapes,,MrGrapes,Enemy,Enemy/MrGrapes
10024,monster_strawberry,,Strawberry,Enemy,Enemy/Strawberry
10025,monster_blackCurrant,,BlackCurrant,Enemy,Enemy/BlackCurrant
10026,monster_parfait,,Parfait,Enemy,Enemy/Parfait
10027,monster_pomelo,,Pomelo,Enemy,Enemy/Pomelo
10028,monster_pomegranate,,Pomegranate,Enemy,Enemy/Pomegranate
10029,monster_bigSNoFieldwman,BuffImmuneSlow(),BigSNoFieldwMan,Enemy,Enemy/BigSNoFieldwMan
10030,monster_tinySNoFieldwman,BuffImmuneSlow(),TinySNoFieldwman,Enemy,Enemy/TinySNoFieldwman
10031,monster_starfruit,,StarFruit,Enemy,Enemy/StarFruit
10032,monster_starfruitJunior,,TinyStarFruit,Enemy,Enemy/TinyStarFruit
10033,monster_raspberry,,Raspberry,Enemy,Enemy/Raspberry
10034,monster_pomegranateLeader,,PomegranateLeader,Enemy,Enemy/PomegranateLeader
10035,monster_starfruitLeader,,StarFruitLeader,Enemy,Enemy/StarFruitLeader
10300,monster_cakebase,,Cakebase,Enemy,Enemy/Cakebase
10301,monster_durianKing,,DurianKing,Enemy,Enemy/DurianKing
10302,monster_durianBomber,,DurianBomber,Enemy,Enemy/DurianBomber
10303,monster_durianBeetle,,DurianBeetle,Enemy,Enemy/DurianBeetle
10037,monster_whatmelon,,Whatmelon,Enemy,Enemy/Whatmelon
10038,monster_grapefruit,,GrapeFruit,Enemy,Enemy/GrapeFruit
10039,monster_undeadApple,,UndeadApple,Enemy,Enemy/UndeadApple
10040,monster_undeadPear,,UndeadPear,Enemy,Enemy/UndeadPear
10041,monster_lemonBoy,,LemonBoy,Enemy,Enemy/LemonBoy
10042,monster_sugarapple,,Sugarapple,Enemy,Enemy/Sugarapple
10043,monster_seedBat,,NucleusBat,Enemy,Enemy/NucleusBat
10044,monster_orangeGanster,,OrangeGanster,Enemy,Enemy/OrangeGanster
10045,monster_orangeBrother,,OrangeBrother,Enemy,Enemy/OrangeBrother
10046,monster_peachMinister,,PeachMinister,Enemy,Enemy/PeachMinister
10047,monster_peachMinisterLeader,,PeachMinisterLeader,Enemy,Enemy/PeachMinisterLeader
10048,monster_sugarappleLeader,,SugarappleLeader,Enemy,Enemy/SugarappleLeader
10049,monster_tinySpider,BuffImmuneSlow(),TinySpider,Enemy,Enemy/TinySpider
10400,monster_bbSpider,,BBSpider,Enemy,Enemy/BBSpider
10410,monster_bananaGhost,,BananaGhost,Enemy,Enemy/BananaGhost
10500,monster_hydraViper,,HydraViper,Enemy,Enemy/HydraViper
10050,monster_cherry,,Cherry,Enemy,Enemy/Cherry
